name,gender
James,Male
John,Male
Robert,Male
Michael,Male
William,Male
David,Male
Richard,Male
Joseph,Male
Thomas,Male
Charles,Male
Christopher,Male
Daniel,Male
Matthew,Male
Anthony,Male
Mark,Male
Donald,Male
Steven,Male
Paul,Male
Andrew,Male
Joshua,Male
Kevin,Male
Brian,Male
George,Male
Edward,Male
Ronald,Male
Jason,Male
Jeff,Male
Ryan,Male
Jacob,Male
Gary,Male
Mary,Female
Patricia,Female
Jennifer,Female
Linda,Female
Elizabeth,Female
Barbara,Female
Susan,Female
Jessica,Female
Sarah,Female
Karen,Female
Nancy,Female
Lisa,Female
Betty,Female
Margaret,Female
Sandra,Female
Ashley,Female
Kimberly,Female
Emily,Female
Donna,Female
Michelle,Female
Amanda,Female
Melissa,Female
Stephanie,Female
Rebecca,Female
Laura,Female
Sharon,Female
Cynthia,Female
Kathleen,Female
Amy,Female
Angela,Female